{
  "metadata": {
    "model": "Diebold-Yilmaz Spillover Index",
    "var_lags": 2,
    "horizon": 10,
    "variables": [
      "US",
      "UK",
      "DE",
      "JP",
      "BR"
    ],
    "n_countries": 5
  },
  "total_spillover": 16.6514,
  "fevd_table": {
    "US": {
      "US": 0.817834,
      "UK": 0.063962,
      "DE": 0.050143,
      "JP": 0.039096,
      "BR": 0.028965
    },
    "UK": {
      "US": 0.11541,
      "UK": 0.823774,
      "DE": 0.004181,
      "JP": 0.041715,
      "BR": 0.01492
    },
    "DE": {
      "US": 0.009002,
      "UK": 0.00535,
      "DE": 0.929044,
      "JP": 0.05427,
      "BR": 0.002335
    },
    "JP": {
      "US": 0.067684,
      "UK": 0.108799,
      "DE": 0.04034,
      "JP": 0.755994,
      "BR": 0.027182
    },
    "BR": {
      "US": 0.012899,
      "UK": 0.057177,
      "DE": 0.015907,
      "JP": 0.073232,
      "BR": 0.840786
    }
  },
  "directional_from": {
    "US": 3.6433,
    "UK": 3.5245,
    "DE": 1.4191,
    "JP": 4.8801,
    "BR": 3.1843
  },
  "directional_to": {
    "US": 4.0999,
    "UK": 4.7058,
    "DE": 2.2114,
    "JP": 4.1663,
    "BR": 1.468
  },
  "net_spillover": {
    "US": 0.4566,
    "UK": 1.1812,
    "DE": 0.7923,
    "JP": -0.7139,
    "BR": -1.7162
  }
}