{
  "d_estimation": {
    "nile": {
      "gph": {
        "d": 0.389625,
        "se": 0.30607
      },
      "local_whittle": {
        "d": 0.40297,
        "se": 0.114708
      }
    },
    "ipca": {
      "gph": {
        "d": 0.236199,
        "se": 0.218099
      },
      "local_whittle": {
        "d": 0.064928,
        "se": 0.084515
      }
    }
  },
  "nile_models": {
    "ARFIMA(0,0.499,0)": {
      "d": 0.498999,
      "ar_params": [],
      "ma_params": [],
      "sigma2": 36933.032976,
      "aic": 1366.3487,
      "bic": 1371.559,
      "loglik": -681.1743
    },
    "ARFIMA(1,0.499,0)": {
      "d": 0.499,
      "ar_params": [
        0.352088
      ],
      "ma_params": [],
      "sigma2": 41049.826572,
      "aic": 1309.0235,
      "bic": 1316.8089,
      "loglik": -651.5117
    },
    "ARFIMA(0,0.499,1)": {
      "d": 0.499,
      "ar_params": [],
      "ma_params": [
        0.272227
      ],
      "sigma2": 42614.349967,
      "aic": 1313.8484,
      "bic": 1321.6338,
      "loglik": -653.9242
    },
    "ARFIMA(1,0.499,1)": {
      "d": 0.498996,
      "ar_params": [
        0.914465
      ],
      "ma_params": [
        -0.739455
      ],
      "sigma2": 36660.1083,
      "aic": 1296.1678,
      "bic": 1306.5483,
      "loglik": -644.0839
    }
  },
  "nile_comparison": {
    "ARIMA(1,0,1)": {
      "d": 0,
      "aic": 1282.1265,
      "bic": 1292.5471
    },
    "ARIMA(1,1,1)": {
      "d": 1,
      "aic": 1267.2548,
      "bic": 1275.0401
    },
    "ARFIMA(1,d,1)": {
      "d": 0.498996,
      "aic": 1296.1678,
      "bic": 1306.5483
    }
  },
  "ipca_models": {
    "ARFIMA(0,0.499,0)": {
      "d": 0.498999,
      "ar_params": [],
      "ma_params": [],
      "sigma2": 0.025706,
      "aic": -188.39,
      "bic": -181.4287,
      "loglik": 96.195
    },
    "ARFIMA(1,0.429,0)": {
      "d": 0.429109,
      "ar_params": [
        0.449206
      ],
      "ma_params": [],
      "sigma2": 0.022255,
      "aic": -237.7845,
      "bic": -227.3551,
      "loglik": 121.8922
    },
    "ARFIMA(0,0.499,1)": {
      "d": 0.499,
      "ar_params": [],
      "ma_params": [
        0.356334
      ],
      "sigma2": 0.022562,
      "aic": -234.3252,
      "bic": -223.8958,
      "loglik": 120.1626
    },
    "ARFIMA(1,0.426,1)": {
      "d": 0.425867,
      "ar_params": [
        0.350397
      ],
      "ma_params": [
        0.131251
      ],
      "sigma2": 0.022125,
      "aic": -237.2634,
      "bic": -223.3575,
      "loglik": 122.6317
    },
    "ARFIMA(2,0.499,1)": {
      "d": 0.498952,
      "ar_params": [
        0.442277,
        -0.100747
      ],
      "ma_params": [
        -0.069556
      ],
      "sigma2": 0.022129,
      "aic": -233.3593,
      "bic": -215.9979,
      "loglik": 121.6796
    }
  },
  "ipca_comparison": {
    "ARIMA(1,0,1)": {
      "d": 0,
      "aic": -254.375
    },
    "ARIMA(1,1,1)": {
      "d": 1,
      "aic": -208.8688
    },
    "ARFIMA(1,0.429,0)": {
      "d": 0.429109,
      "aic": -237.7845
    },
    "melhor_modelo": "ARIMA(1,0,1)"
  },
  "monte_carlo": {
    "d_true": 0.3,
    "n_simulations": 200,
    "n_obs": 300,
    "gph": {
      "mean": 0.308969,
      "median": 0.305114,
      "bias": 0.008969,
      "variance": 0.044028,
      "rmse": 0.210021,
      "std": 0.209829
    },
    "local_whittle": {
      "mean": 0.290822,
      "median": 0.297348,
      "bias": -0.009178,
      "variance": 0.008571,
      "rmse": 0.093036,
      "std": 0.092582
    },
    "best_method": "Local Whittle"
  }
}