{
  "nile_ARIMA(1,1,0)": {
    "ar.L1": -0.397533,
    "sigma2": 23487.586498,
    "aic": 1281.4803,
    "bic": 1286.6705,
    "loglike": -638.7401
  },
  "nile_ARIMA(0,1,1)": {
    "ma.L1": -0.732942,
    "sigma2": 20599.868258,
    "aic": 1269.0913,
    "bic": 1274.2815,
    "loglike": -632.5456
  },
  "nile_ARIMA(1,1,1)": {
    "ar.L1": 0.254377,
    "ma.L1": -0.874137,
    "sigma2": 19769.308823,
    "aic": 1267.2548,
    "bic": 1275.0401,
    "loglike": -630.6274
  },
  "nile_ARIMA(2,1,1)": {
    "ar.L1": 0.256576,
    "ar.L2": 0.06636,
    "ma.L1": -0.889684,
    "sigma2": 19700.288798,
    "aic": 1268.8961,
    "bic": 1279.2766,
    "loglike": -630.4481
  },
  "airline_ARIMA(1,1,0)": {
    "ar.L1": 0.205415,
    "sigma2": 0.010882,
    "aic": -236.5979,
    "bic": -230.6722,
    "loglike": 120.2989
  },
  "airline_ARIMA(0,1,1)": {
    "ma.L1": 0.276759,
    "sigma2": 0.010718,
    "aic": -238.7254,
    "bic": -232.7997,
    "loglike": 121.3627
  },
  "airline_ARIMA(1,1,1)": {
    "ar.L1": -0.258323,
    "ma.L1": 0.56819,
    "sigma2": 0.009595,
    "aic": -238.6041,
    "bic": -229.7155,
    "loglike": 122.302
  },
  "airline_ARIMA(2,1,1)": {
    "ar.L1": 1.073261,
    "ar.L2": -0.531542,
    "ma.L1": -0.834368,
    "sigma2": 0.009369,
    "aic": -247.0719,
    "bic": -235.2205,
    "loglike": 127.5359
  },
  "airline_ARIMA(2,1,2)": {
    "ar.L1": 0.58791,
    "ar.L2": -0.039807,
    "ma.L1": -0.419138,
    "ma.L2": -0.379902,
    "sigma2": 0.009743,
    "aic": -246.8735,
    "bic": -232.0592,
    "loglike": 128.4367
  }
}