{
  "airline_ARIMA(1,1,1)": {
    "coefficients": {
      "ar.L1": -0.258323,
      "ma.L1": 0.56819,
      "sigma2": 0.009595
    },
    "aic": -238.6041,
    "bic": -229.7155,
    "loglike": 122.302
  },
  "airline_SARIMA(0,1,1)(0,1,1)[12]": {
    "coefficients": {
      "ma.L1": -0.401824,
      "ma.S.L12": -0.556933,
      "sigma2": 0.001348
    },
    "aic": -483.393,
    "bic": -474.7674,
    "loglike": 244.6965
  },
  "ipca_SARIMA(1,1,0)(1,1,0)[12]": {
    "coefficients": {
      "ar.L1": -0.04448,
      "ar.S.L12": -0.496261,
      "sigma2": 0.032742
    },
    "aic": -122.5394,
    "bic": -112.2646,
    "loglike": 64.2697
  },
  "ipca_SARIMA(0,1,1)(0,1,1)[12]": {
    "coefficients": {
      "ma.L1": 0.025297,
      "ma.S.L12": -0.922001,
      "sigma2": 0.022793
    },
    "aic": -185.8627,
    "bic": -175.5878,
    "loglike": 95.9313
  },
  "ipca_SARIMA(1,1,1)(0,1,1)[12]": {
    "coefficients": {
      "ar.L1": -0.146243,
      "ma.L1": 0.174474,
      "ma.S.L12": -0.922579,
      "sigma2": 0.02278
    },
    "aic": -183.9207,
    "bic": -170.2209,
    "loglike": 95.9603
  },
  "ipca_SARIMA(1,1,0)(0,1,1)[12]": {
    "coefficients": {
      "ar.L1": 0.021741,
      "ma.S.L12": -0.921682,
      "sigma2": 0.022799
    },
    "aic": -185.8444,
    "bic": -175.5695,
    "loglike": 95.9222
  },
  "ipca_SARIMA(0,1,1)(1,1,1)[12]": {
    "coefficients": {
      "ma.L1": 0.022086,
      "ar.S.L12": -0.046972,
      "ma.S.L12": -0.900367,
      "sigma2": 0.022908
    },
    "aic": -184.2085,
    "bic": -170.5087,
    "loglike": 96.1043
  },
  "airline_nolog_SARIMA(0,1,1)(0,1,1)[12]": {
    "aic": 1021.003,
    "bic": 1029.6286,
    "note": "Sem transformacao log - heterocedasticidade nos residuos"
  },
  "ipca_forecast_12m": {
    "model": "SARIMA(0,1,1)(0,1,1)[12]",
    "forecast": [
      -0.110808,
      0.238062,
      0.099568,
      0.226352,
      0.06637,
      -0.16351,
      -0.199214,
      0.210971,
      0.035576,
      0.278946,
      -0.104343,
      0.134524
    ],
    "lower_95": [
      -0.406714,
      -0.057938,
      -0.196432,
      -0.069648,
      -0.22963,
      -0.459511,
      -0.495214,
      -0.085029,
      -0.260424,
      -0.017054,
      -0.400343,
      -0.161476
    ],
    "upper_95": [
      0.185097,
      0.534062,
      0.395569,
      0.522352,
      0.36237,
      0.13249,
      0.096786,
      0.506971,
      0.331577,
      0.574947,
      0.191657,
      0.430525
    ]
  }
}