{
  "integration_orders": {
    "gdp": "I(0)",
    "inflation": "I(1)",
    "fed_funds": "I(1)",
    "unemployment": "I(1)"
  },
  "cointegration_rank_trace": 3,
  "decision": "ARDL",
  "decision_text": "Mixed orders => ARDL",
  "optimal_lag_aic": 1,
  "selected_lag": 1,
  "ic_values": {
    "1": {
      "aic": -6.599407769100208,
      "bic": -6.334619441484168,
      "hqic": -6.492241090687497
    },
    "2": {
      "aic": -6.565120321485766,
      "bic": -6.033683225615943,
      "hqic": -6.350012249159862
    },
    "3": {
      "aic": -6.484816547837994,
      "bic": -5.684848126622646,
      "hqic": -6.1609833634240765
    },
    "4": {
      "aic": -6.34758043295556,
      "bic": -5.277175646268044,
      "hqic": -5.914229274204663
    },
    "5": {
      "aic": -6.303871817342097,
      "bic": -4.961102767674919,
      "hqic": -5.760200533787643
    },
    "6": {
      "aic": -6.227372790920574,
      "bic": -4.610288341074804,
      "hqic": -5.572569796929724
    },
    "7": {
      "aic": -6.163942549131727,
      "bic": -4.270567931736146,
      "hqic": -5.397186674088491
    },
    "8": {
      "aic": -6.097763525171528,
      "bic": -3.9260999438196733,
      "hqic": -5.21822386072709
    }
  }
}