{
  "total_spillover": 19.398957893091684,
  "fevd_table": [
    [
      0.8744490344305955,
      0.01936184440186796,
      0.002015753407479739,
      0.10417336776005674
    ],
    [
      0.05206476551962113,
      0.8966499031089236,
      0.010898545316022388,
      0.04038678605543288
    ],
    [
      0.10758887207829614,
      0.12826620668991742,
      0.742808982238931,
      0.021335938992855522
    ],
    [
      0.25788941311697333,
      0.008862628461745079,
      0.02311419392339943,
      0.7101337644978821
    ]
  ],
  "directional_from": [
    3.1387741392351094,
    2.583752422276911,
    6.429775444026725,
    7.246655887552947
  ],
  "directional_to": [
    10.438576267872262,
    3.9122669888382617,
    0.9007123161725389,
    4.147402320208629
  ],
  "net_spillover": [
    7.299802128637153,
    1.328514566561351,
    -5.529063127854186,
    -3.0992535673443182
  ],
  "variables": [
    "gdp",
    "inflation",
    "fed_funds",
    "unemployment"
  ],
  "var_lags": 1,
  "horizon": 10
}