{
  "metadata": {
    "description": "Spillover analysis results (Diebold-Yilmaz)",
    "var_lags": 2,
    "horizon": 10,
    "n_variables": 4,
    "variable_names": [
      "Var 1",
      "Var 2",
      "Var 3",
      "Var 4"
    ]
  },
  "synthetic_data": {
    "total_spillover": 50.17204929629444,
    "fevd_table": [
      [
        0.4898896694948323,
        0.3025724666032802,
        0.09950834949638525,
        0.10802951440550225
      ],
      [
        0.1397023567607978,
        0.6564939656588514,
        0.08047854883775198,
        0.12332512874259877
      ],
      [
        0.13672457283151732,
        0.350840964027802,
        0.37862399405981606,
        0.13381046908086452
      ],
      [
        0.1319273057345113,
        0.311905007887316,
        0.08805728744345016,
        0.4681103989347225
      ]
    ],
    "directional_from": [
      12.752758262629193,
      8.587650858528715,
      15.534400148504599,
      13.297240026631938
    ],
    "directional_to": [
      10.20885588317066,
      24.132960962959956,
      6.701104644439685,
      9.129127805724139
    ],
    "net_spillover": [
      -2.543902379458533,
      15.545310104431241,
      -8.833295504064914,
      -4.168112220907799
    ],
    "pairwise_spillover": [
      [
        0.0,
        -4.071752746062059,
        0.9304055833783017,
        0.5974447832252264
      ],
      [
        4.071752746062059,
        0.0,
        6.759060379751252,
        4.714496978617931
      ],
      [
        -0.9304055833783017,
        -6.759060379751252,
        0.0,
        -1.143829540935359
      ],
      [
        -0.5974447832252264,
        -4.714496978617931,
        1.143829540935359,
        0.0
      ]
    ]
  },
  "us_br_gdp": {
    "variable_names": [
      "PIB EUA",
      "PIB Brasil"
    ],
    "total_spillover": 1.28258870463972,
    "fevd_table": [
      [
        0.9772005398805003,
        0.022799460119499734
      ],
      [
        0.0028523139732946866,
        0.9971476860267053
      ]
    ],
    "directional_from": [
      1.1399730059749869,
      0.14261569866473311
    ],
    "directional_to": [
      0.14261569866473311,
      1.1399730059749869
    ],
    "net_spillover": [
      -0.9973573073102537,
      0.9973573073102537
    ]
  },
  "sensitivity": {
    "by_horizon": {
      "2": 26.11079101073188,
      "5": 38.106241041871854,
      "10": 50.17204929629444,
      "20": 61.106133591427046,
      "50": 69.37270342711406
    },
    "by_lags": {
      "1": 50.39123872634759,
      "2": 50.17204929629444,
      "3": 53.560402963374585,
      "4": 56.2150724817707,
      "6": 55.689172641361964,
      "8": 53.46929284604289
    }
  },
  "scenarios": {
    "high_interdependence": {
      "weight": 0.9,
      "total_spillover": 72.4270857462703,
      "from": [
        18.903708501842857,
        16.97183993630619,
        18.244237809402676,
        18.30729949871857
      ],
      "to": [
        15.876980672099927,
        21.304894707889733,
        17.8166520154482,
        17.42855835083244
      ],
      "net": [
        -3.0267278297429296,
        4.333054771583544,
        -0.4275857939544778,
        -0.8787411478861316
      ]
    },
    "low_interdependence": {
      "weight": 0.2,
      "total_spillover": 8.530707444811192,
      "from": [
        1.697993043464527,
        0.6879858846154024,
        4.434291254593726,
        1.7104372621375374
      ],
      "to": [
        1.0222488819485038,
        6.812073701688101,
        0.3609202774520731,
        0.335464583722514
      ],
      "net": [
        -0.6757441615160231,
        6.124087817072699,
        -4.073370977141653,
        -1.3749726784150234
      ]
    }
  }
}