{
  "dataset": "us_macro_quarterly.csv",
  "variables": [
    "gdp",
    "inflation",
    "fed_funds",
    "unemployment"
  ],
  "lags": 4,
  "deterministic": "ci",
  "nobs": 200,
  "trace_test": {
    "rank": 3,
    "statistics": [
      100.24298295108636,
      58.8717588653321,
      22.86201737590816,
      5.4373327265517615
    ],
    "critical_values_95": [
      53.12,
      34.91,
      19.96,
      9.24
    ]
  },
  "max_eigenvalue_test": {
    "rank": 3,
    "statistics": [
      41.371224085754264,
      36.00974148942393,
      17.424684649356397,
      5.4373327265517615
    ],
    "critical_values_95": [
      28.14,
      22.0,
      15.67,
      9.24
    ]
  },
  "eigenvalues": [
    0.19028882899149668,
    0.16783386022350677,
    0.08506426604920268,
    0.027360231995125724
  ],
  "vecm_estimation": {
    "coint_rank": 3,
    "alpha": [
      [
        -0.2864763254664879,
        -0.135432973373118,
        -0.01865114921873416
      ],
      [
        0.29162398951705726,
        -0.1385620933967256,
        -0.00826594777588241
      ],
      [
        0.02280882238732744,
        0.15333704608112506,
        -0.008124307326132188
      ],
      [
        -0.09168337304125057,
        -0.0574927687072139,
        0.004912811328322035
      ]
    ],
    "beta": [
      [
        1.0,
        1.0,
        1.0
      ],
      [
        -0.7474127449425771,
        1.5771876677524483,
        3.4248099057965558
      ],
      [
        -0.0014314094638068968,
        -0.630495659595542,
        9.016469350346677
      ],
      [
        0.24244453734595453,
        0.20506113266780393,
        -6.8883089793952035
      ],
      [
        -2.9881667759608206,
        -6.942605742520083,
        -4.494713983320723
      ]
    ],
    "pi": [
      [
        -0.44056044805834005,
        -0.06336379923196703,
        -0.08236754847816007,
        0.031248219530694496
      ],
      [
        0.14479594834444925,
        -0.46481121124296676,
        0.012415700359829729,
        0.09922734568851248
      ],
      [
        0.1680215611423203,
        0.19696948533104616,
        -0.1699635587724423,
        0.09293608184639499
      ],
      [
        -0.14426333042014244,
        -0.005326119377059423,
        0.08067639034172532,
        -0.06785862761756706
      ]
    ]
  }
}