{
  "model": "VAR(1)",
  "dataset": "us_macro_quarterly.csv",
  "variables": [
    "gdp",
    "inflation",
    "fed_funds",
    "unemployment"
  ],
  "lag_order": 1,
  "trend": "c",
  "nobs": 199,
  "neqs": 4,
  "is_stable": true,
  "max_eigenvalue_modulus": 0.9108582808678425,
  "intercept": [
    1.8614922352204617,
    0.726372681574903,
    -0.30890152042780933,
    1.3675711575856704
  ],
  "coefficients": {
    "A_1": {
      "gdp": {
        "gdp": 0.43680383149807617,
        "inflation": 0.09214883411764034,
        "fed_funds": 0.15139143576347286,
        "unemployment": -0.09897435540296796
      },
      "inflation": {
        "gdp": -0.015634690218030073,
        "inflation": 0.501312385428594,
        "fed_funds": 0.11950728468476074,
        "unemployment": -0.050478578590431034
      },
      "fed_funds": {
        "gdp": -0.03075689100569446,
        "inflation": 0.013887946029168874,
        "fed_funds": 0.8240335440519656,
        "unemployment": 0.05748554120933802
      },
      "unemployment": {
        "gdp": 0.0241028956194404,
        "inflation": 0.06661258814774712,
        "fed_funds": 0.048441970673858525,
        "unemployment": 0.8734033197102495
      }
    }
  },
  "residual_covariance": [
    [
      0.4495053463432137,
      0.051434004706950226,
      0.0003108893838156314,
      -0.07176802329089428
    ],
    [
      0.051434004706950226,
      0.2511315099328377,
      0.021008442746255608,
      0.028391412006393085
    ],
    [
      0.0003108893838156314,
      0.021008442746255608,
      0.16118758805637476,
      -0.02031625876117857
    ],
    [
      -0.07176802329089428,
      0.028391412006393085,
      -0.02031625876117857,
      0.09338133738930424
    ]
  ]
}