{
  "description": "Sign restriction identification results for US macro data",
  "variable_names": [
    "gdp",
    "inflation",
    "fed_funds",
    "unemployment"
  ],
  "n_accepted_draws": 500,
  "n_accepted_draws_weak": 500,
  "strong_restrictions": {
    "description": "4 restrictions on monetary shock (GDP-, Infl-, FF+, Unemp+) for h=0..3",
    "median_impact": [
      -0.41461801376952634,
      -0.12432728033714488,
      0.26703052107709707,
      0.06842781630257838
    ],
    "median_irf_monetary": [
      [
        -0.41461801376952634,
        -0.12432728033714488,
        0.26703052107709707,
        0.06842781630257838
      ],
      [
        -0.16719676337436515,
        -0.04484631730915564,
        0.10741656933003771,
        0.12442653545383656
      ],
      [
        -0.034466716352884466,
        -0.0930852962050959,
        0.06296165305290649,
        0.11128126445713232
      ],
      [
        -0.11302750094923442,
        -0.04719216803813391,
        0.03270277223799757,
        0.1139260622565247
      ],
      [
        -0.04733189231055879,
        -0.0194624332684139,
        0.005646344366297462,
        0.12124075623133579
      ],
      [
        -0.028092089884900112,
        -0.02247721170275281,
        -0.00495565264954557,
        0.11964528662513982
      ],
      [
        -0.015235686216011624,
        -0.006770736611961172,
        -0.00508672745451774,
        0.11156620285861776
      ],
      [
        -0.003290575120470205,
        -0.00031649093965731637,
        -0.0036036415612628768,
        0.10295031808785259
      ],
      [
        0.005371296791596527,
        0.0014019289484781183,
        0.002230835740335311,
        0.09383058481304274
      ],
      [
        0.007698577319006097,
        0.004771109434493033,
        0.008220027759403815,
        0.08479820808673585
      ],
      [
        0.010586814971132483,
        0.005554965995560187,
        0.01383394951633967,
        0.07624070619721086
      ],
      [
        0.01090060456902211,
        0.005483207918639807,
        0.01868860780389516,
        0.06864615029205523
      ],
      [
        0.010385942846099996,
        0.005373770408109175,
        0.022485840131668405,
        0.061920812706019235
      ],
      [
        0.009466513105695136,
        0.004816589571134471,
        0.024966848278919894,
        0.055791517431785634
      ],
      [
        0.008431795456444739,
        0.0041739717485435104,
        0.026490823048433303,
        0.05063020484586647
      ],
      [
        0.0072478194750273586,
        0.0035755648141111247,
        0.02723248377842458,
        0.04603282070761992
      ],
      [
        0.006162215912387846,
        0.003012241698184513,
        0.02735509640852757,
        0.04217069148466541
      ],
      [
        0.0052194579823218665,
        0.0025214742566814423,
        0.02683140545119033,
        0.038775596097073595
      ],
      [
        0.004391727951378585,
        0.002108088715975986,
        0.025952052548574224,
        0.0358163813218408
      ],
      [
        0.003710501414081649,
        0.0017704130063907492,
        0.024783662758134137,
        0.0331872231921547
      ],
      [
        0.0031611917111998384,
        0.0015001515225788434,
        0.02345827455815273,
        0.030867676140112058
      ]
    ],
    "lower_68_monetary": [
      [
        -0.5008713628877715,
        -0.20872929265701765,
        0.22768844630114177,
        0.023079949110036843
      ],
      [
        -0.2046676840710137,
        -0.08316903528319049,
        0.07939085868634035,
        0.08690046315132426
      ],
      [
        -0.0688432493872187,
        -0.1185980208228683,
        0.03530913194935717,
        0.08295184788933159
      ],
      [
        -0.1334396053199713,
        -0.06673224125643823,
        0.00823719447783226,
        0.08761831803857915
      ],
      [
        -0.054471466818008574,
        -0.028651443460737943,
        -0.01654431859104517,
        0.09574899033348397
      ],
      [
        -0.03565272508246824,
        -0.02888279255795674,
        -0.02515073831807868,
        0.09712939878024099
      ],
      [
        -0.0206736362020242,
        -0.011366129443653459,
        -0.025872832860999524,
        0.09171686577205626
      ],
      [
        -0.008116150900263571,
        -0.0036546539520721727,
        -0.022323156068166147,
        0.08356900662367656
      ],
      [
        0.001371010189461632,
        -0.001394560489716277,
        -0.014916555124677447,
        0.07657741715305753
      ],
      [
        0.004041582961258126,
        0.002586451411353034,
        -0.007499270055501982,
        0.06852849338733472
      ],
      [
        0.007636586592643969,
        0.0038498897308888017,
        -0.0007585128219062769,
        0.06091194508315164
      ],
      [
        0.008399501428164893,
        0.004159100150181874,
        0.005431646811609538,
        0.0539965749164373
      ],
      [
        0.008411881022198786,
        0.004326662611068649,
        0.01081231310383116,
        0.04792814450031997
      ],
      [
        0.007989734435392287,
        0.004015527615459062,
        0.014464175998335996,
        0.04271042535364551
      ],
      [
        0.007227266397516221,
        0.0035691248811943158,
        0.016836592965484273,
        0.03836101887338345
      ],
      [
        0.006317090226940882,
        0.0031089322418440747,
        0.01849820045177489,
        0.034555093899523
      ],
      [
        0.005415952567110604,
        0.0026205536939557347,
        0.019026019245620605,
        0.031330479770513515
      ],
      [
        0.004556562525994846,
        0.002165781265734439,
        0.019184346946601937,
        0.0286094160951323
      ],
      [
        0.0037732699002062295,
        0.001780900736880713,
        0.018879365729631448,
        0.026314991291858637
      ],
      [
        0.0031327519605640606,
        0.0014561064001137308,
        0.018243567700658513,
        0.024340536390202748
      ],
      [
        0.0025731179563022203,
        0.0012051352876032743,
        0.017385734664028634,
        0.02259558689512077
      ]
    ],