{
  "method": "cholesky",
  "description": "Structural impact matrix B0_inv from Cholesky identification",
  "variable_names": [
    "gdp",
    "inflation",
    "fed_funds",
    "unemployment"
  ],
  "shock_names": [
    "GDP shock",
    "Inflation shock",
    "Monetary shock",
    "Unemp. shock"
  ],
  "B0_inv": [
    [
      0.6661892292636387,
      0.0,
      0.0,
      0.0
    ],
    [
      0.08220064410451346,
      0.4955609331373761,
      0.0,
      0.0
    ],
    [
      -0.011670271251699303,
      0.042759290942653336,
      0.4034660713442297,
      0.0
    ],
    [
      -0.1036240307231154,
      0.08334975004708811,
      -0.0636329619751739,
      0.27172798703521417
    ]
  ],
  "B0_inv_ab_model": [
    [
      0.6661892464394792,
      0.0,
      0.0,
      0.0
    ],
    [
      0.08220065145763748,
      0.4955609250540357,
      0.0,
      0.0
    ],
    [
      -0.01167027947725357,
      0.04275927336803538,
      0.4034660653595281,
      0.0
    ],
    [
      -0.10362403042125702,
      0.0,
      0.0,
      0.29126008384366775
    ]
  ],
  "A_matrix_ab": [
    [
      1.0,
      0.0,
      0.0,
      0.0
    ],
    [
      -0.12338934003658539,
      1.0,
      0.0,
      0.0
    ],
    [
      0.028164563507374986,
      -0.08628459429760918,
      1.0,
      0.0
    ],
    [
      0.15554743787157616,
      0.0,
      0.0,
      1.0
    ]
  ],
  "B_matrix_ab": [
    [
      0.6661892464394792,
      0.0,
      0.0,
      0.0
    ],
    [
      0.0,
      0.4955609250540357,
      0.0,
      0.0
    ],
    [
      0.0,
      0.0,
      0.4034660653595281,
      0.0
    ],
    [
      0.0,
      0.0,
      0.0,
      0.29126008384366775
    ]
  ],
  "sigma_u": [
    [
      0.44380808918688097,
      0.05476118374096048,
      -0.0077746090104671576,
      -0.06903321316062386
    ],
    [
      0.05476118374096048,
      0.2523375843431838,
      0.020230530306069774,
      0.03278691783995607
    ],
    [
      -0.0077746090104671576,
      0.020230530306069774,
      0.16474942291895375,
      -0.020900444417126112
    ],
    [
      -0.06903321316062386,
      0.03278691783995607,
      -0.020900444417126112,
      0.09557037336416069
    ]
  ],
  "reconstruction_error_cholesky": 6.246209066428377e-17,
  "n_obs": 196,
  "n_lags": 4,
  "comparison": {
    "cholesky_impact_diagonal": [
      0.6661892292636387,
      0.4955609331373761,
      0.4034660713442297,
      0.27172798703521417
    ],
    "ab_model_B_diagonal": [
      0.6661892464394792,
      0.4955609250540357,
      0.4034660653595281,
      0.29126008384366775
    ]
  }
}